ParticipantID,VOICE_NUMBER,VOICE_TYPE,HEALTH,DOMINANCE
2,1,1,5.5,7
2,2,1,4.25,5.5
2,3,1,4.25,4.5
2,4,1,3.75,3
2,5,1,6.25,4
2,6,1,6.25,4
2,7,1,3.5,5.5
2,8,1,6,6
2,9,1,5.25,5
2,10,2,3.5,.142857142857143
2,11,2,5.25,3.5
2,12,2,5.25,5
2,13,2,5.5,5
2,14,2,6,7
2,15,2,6.5,5
2,16,2,6.5,5
2,17,2,6.5,7.5
2,18,2,5.25,5
2,19,2,5.25,5
2,20,1,6.75,.214285714285714
8,1,1,3.5,4.5
8,2,1,4.25,6.5
8,3,1,3.5,5
8,4,1,4.5,7.5
8,5,1,3.5,5.5
8,6,1,3.5,5.5
8,7,1,5,5.5
8,8,1,2.75,5.5
8,9,1,3.5,6
8,10,2,4.75,.30952380952381
8,11,2,6.75,7
8,12,2,6.25,5
8,13,2,4,3
8,14,2,5.25,7
8,15,2,6.5,5
8,16,2,6.5,5
8,17,2,4.5,5
8,18,2,6.25,4.5
8,19,2,6.25,7
8,20,1,5.25,.285714285714286
11,1,1,4.25,4.5
11,2,1,5.5,6.5
11,3,1,5.25,5.5
11,4,1,5.5,5.5
11,5,1,4.75,6.5
11,6,1,4.75,6.5
11,7,1,5.5,7
11,8,1,4.75,5
11,9,1,5.25,7.5
11,10,2,5.75,.30952380952381
11,11,2,5.25,6.5
11,12,2,3.75,4
11,13,2,4.75,4.5
11,14,2,6.5,5.5
11,15,2,3.25,2.5
11,16,2,3.25,2.5
11,17,2,4.75,3.5
11,18,2,5.25,5
11,19,2,4,3.5
11,20,1,3.75,.214285714285714
12,1,1,4.75,4
12,2,1,5.25,3
12,3,1,5.5,4.5
12,4,1,6.75,4
12,5,1,5.5,6
12,6,1,5.5,6
12,7,1,5.5,4
12,8,1,6,6
12,9,1,5.5,5.5
12,10,2,6.5,.214285714285714
12,11,2,4.5,4
12,12,2,5,2.5
12,13,2,6.25,3
12,14,2,5.75,5
12,15,2,5,4
12,16,2,5,4
12,17,2,5.25,4.5
12,18,2,6.25,3
12,19,2,4,1.5
12,20,1,5.25,.142857142857143
13,1,1,4.25,8
13,2,1,5.75,8.5
13,3,1,4.5,7.5
13,4,1,6,7
13,5,1,4.75,8.5
13,6,1,4.75,8.5
13,7,1,6,8.5
13,8,1,4,8
13,9,1,6,6.5
13,10,2,5.5,.357142857142857
13,11,2,5,8.5
13,12,2,5.5,7.5
13,13,2,5.75,8.5
13,14,2,6,6
13,15,2,4.5,7.5
13,16,2,4.5,7.5
13,17,2,5,7.5
13,18,2,4,6.5
13,19,2,5.5,7.5
13,20,1,5.25,.380952380952381
14,1,1,5.5,3.5
14,2,1,5.25,3.5
14,3,1,5.5,5.5
14,4,1,5.5,3
14,5,1,5.5,4
14,6,1,5.5,4
14,7,1,4.75,7
14,8,1,6,4.5
14,9,1,6.5,7.5
14,10,2,5.75,.214285714285714
14,11,2,5.75,4.5
14,12,2,5,5.5
14,13,2,5.25,2.5
14,14,2,6.75,5
14,15,2,5,1
14,16,2,5,1
14,17,2,5.5,3.5
14,18,2,6,3.5
14,19,2,6,3.5
14,20,1,6,.119047619047619
16,1,1,3.25,4.5
16,2,1,4.25,4
16,3,1,5.25,4.5
16,4,1,6.25,5.5
16,5,1,3.75,4.5
16,6,1,3.75,4.5
16,7,1,4.25,5
16,8,1,7.5,6
16,9,1,6.25,4.5
16,10,2,5.5,.166666666666667
16,11,2,4.75,5.5
16,12,2,4.5,2.5
16,13,2,6.75,5
16,14,2,4,3.5
16,15,2,5,1.5
16,16,2,5,1.5
16,17,2,4.75,4.5
16,18,2,2.75,5
16,19,2,4,5.5
16,20,1,6,.142857142857143
19,1,1,5.25,6
19,2,1,5.5,4.5
19,3,1,6.5,6.5
19,4,1,6.25,6.5
19,5,1,5.75,7
19,6,1,5.75,7
19,7,1,4.75,7.5
19,8,1,5.75,6.5
19,9,1,5.25,6
19,10,2,5.25,.333333333333333
19,11,2,3.5,7.5
19,12,2,4.5,5
19,13,2,5.5,4
19,14,2,5,6
19,15,2,5.25,2.5
19,16,2,5.25,2.5
19,17,2,5,6.5
19,18,2,5.25,4.5
19,19,2,5.25,4.5
19,20,1,5.25,.238095238095238
20,1,1,4.5,5
20,2,1,5.25,5.5
20,3,1,5.5,5.5
20,4,1,4.25,5.5
20,5,1,5.75,3.5
20,6,1,5.75,3.5
20,7,1,3.25,5.5
20,8,1,5.25,7
20,9,1,4.25,6
20,10,2,5.5,.261904761904762
20,11,2,4,5
20,12,2,5.75,6
20,13,2,4.5,4.5
20,14,2,6.5,4
20,15,2,5.25,5
20,16,2,5.25,5
20,17,2,7,7.5
20,18,2,5.75,5.5
20,19,2,5.25,6.5
20,20,1,4.5,.285714285714286
22,1,1,4.5,4
22,2,1,5,5
22,3,1,5,5
22,4,1,5,4
22,5,1,6,7.5
22,6,1,6,7.5
22,7,1,5.75,7
22,8,1,5,5.5
22,9,1,6.25,8
22,10,2,6.75,.30952380952381
22,11,2,5,6.5
22,12,2,4.75,4.5
22,13,2,4.75,2.5
22,14,2,5.5,4.5
22,15,2,4.25,3.5
22,16,2,4.25,3.5
22,17,2,3.75,2
22,18,2,4.75,6.5
22,19,2,5,2
22,20,1,5.25,.19047619047619
23,1,1,5,6
23,2,1,5.25,4.5
23,3,1,5.5,5
23,4,1,5,5
23,5,1,5,4.5
23,6,1,5,4.5
23,7,1,4.75,5.5
23,8,1,4.75,4
23,9,1,4.25,3.5
23,10,2,5.5,.214285714285714
23,11,2,4.75,4
23,12,2,4.5,5
23,13,2,4.75,4.5
23,14,2,6.25,3.5
23,15,2,4.5,5
23,16,2,4.5,5
23,17,2,5.25,3
23,18,2,5,5
23,19,2,5,5.5
23,20,1,5.25,.166666666666667
25,1,1,6.75,5.5
25,2,1,7.75,6.5
25,3,1,7.25,4
25,4,1,6,5
25,5,1,5.25,3.5
25,6,1,5.25,3.5
25,7,1,3.5,5
25,8,1,5.25,4
25,9,1,6.5,7.5
25,10,2,6,.285714285714286
25,11,2,7.25,6.5
25,12,2,4.5,2.5
25,13,2,4.25,5
25,14,2,7.5,7.5
25,15,2,2.75,2
25,16,2,2.75,2
25,17,2,4,3.5
25,18,2,7.5,4.5
25,19,2,3.25,3.5
25,20,1,4.5,.261904761904762
26,1,1,4,6.5
26,2,1,3,7
26,3,1,4.25,7
26,4,1,3.75,7
26,5,1,4,7
26,6,1,4,7
26,7,1,3.25,7.5
26,8,1,4.25,7
26,9,1,4.5,6.5
26,10,2,4.5,.357142857142857
26,11,2,3.75,7
26,12,2,3.75,5.5
26,13,2,3.75,6
26,14,2,4.25,6.5
26,15,2,4.5,7.5
26,16,2,4.5,7.5
26,17,2,4,6.5
26,18,2,3.5,6
26,19,2,3.75,7.5
26,20,1,4.5,.30952380952381
27,1,1,4.75,6
27,2,1,5.25,7
27,3,1,5.25,5.5
27,4,1,5.5,6
27,5,1,5.5, 
27,6,1,5.5, 
27,7,1,5,6.5
27,8,1,5.75,6
27,9,1,5,6.5
27,10,2,4.5,.30952380952381
27,11,2,6,6.5
27,12,2,6,6
27,13,2,5.75,6
27,14,2,5.75,6
27,15,2,5,6
27,16,2,5,6
27,17,2,4.75,6.5
27,18,2,5,7
27,19,2,6,6
27,20,1,5.75,.30952380952381
29,1,1,5.75,5.5
29,2,1,6.75,6
29,3,1,6.5,6
29,4,1,6.25,5
29,5,1,6.5,6
29,6,1,6.5,6
29,7,1,6.75,5.5
29,8,1,6,4.5
29,9,1,5.75,4.5
29,10,2,6.5,.238095238095238
29,11,2,6.25,5.5
29,12,2,6.25,4
29,13,2,5.5,5
29,14,2,6.5,5
29,15,2,5.25,4
29,16,2,5.25,4
29,17,2,5.75,4.5
29,18,2,6,4.5
29,19,2,6.5,6
29,20,1,6.25,.19047619047619
31,1,1,8,4.5
31,2,1,8,3.5
31,3,1,5.75,5
31,4,1,7.5,3.5
31,5,1,2.5,8
31,6,1,2.5,8
31,7,1,1.25,9
31,8,1,2.75,8.5
31,9,1,4.75,9
31,10,2,2,.428571428571429
31,11,2,7,5
31,12,2,6,3.5
31,13,2,7.75,2.5
31,14,2,5,2.5
31,15,2,7.75,1.5
31,16,2,7.75,1.5
31,17,2,4,2
31,18,2,6.75,6
31,19,2,7.5,1.5
31,20,1,2.5,.357142857142857
32,1,1,6.5,5.5
32,2,1,3.25,5
32,3,1,5,6
32,4,1,6.25,6.5
32,5,1,4,5
32,6,1,4,5
32,7,1,5.25,8
32,8,1,2.75,4
32,9,1,6.25,6
32,10,2,4.5,.238095238095238
32,11,2,4.75,5.5
32,12,2,3.5,2
32,13,2,5.75,7
32,14,2,5.25,5.5
32,15,2,4.25,4
32,16,2,4.25,4
32,17,2,3.5,6
32,18,2,4.5,3.5
32,19,2,5.75,5.5
32,20,1,3.5,.166666666666667
33,1,1,6,5
33,2,1,7,7.5
33,3,1,7,5.5
33,4,1,6,6
33,5,1,6.25,5.5
33,6,1,6.25,5.5
33,7,1,5,3.5
33,8,1,4.25,3.5
33,9,1,4,4
33,10,2,4.5,.214285714285714
33,11,2,4.5,3.5
33,12,2,4,2.5
33,13,2,5.75,6
33,14,2,6,4.5
33,15,2,4,5
33,16,2,4,5
33,17,2,6,3.5
33,18,2,4.5,4
33,19,2,3.25,4
33,20,1,3.25,.166666666666667
34,1,1,4,5
34,2,1,4.5,5
34,3,1,4.25,5
34,4,1,6,3
34,5,1,5,6.5
34,6,1,5,6.5
34,7,1,5.25,7.5
34,8,1,5.25,3.5
34,9,1,5.75,6.5
34,10,2,5.5,.261904761904762
34,11,2,5.25,4.5
34,12,2,3.5,5.5
34,13,2,6.5,3.5
34,14,2,7.25,5
34,15,2,4.25,2
34,16,2,4.25,2
34,17,2,4,5
34,18,2,4.5,5.5
34,19,2,4.5,3
34,20,1,4.5,.214285714285714
35,1,1,2.25,3.5
35,2,1,3.5,2.5
35,3,1,3,2
35,4,1,4.75,3
35,5,1,7.75,7.5
35,6,1,7.75,7.5
35,7,1,4.75,4.5
35,8,1,8,6
35,9,1,8.75,6.5
35,10,2,7,.19047619047619
35,11,2,5.5,6
35,12,2,3.75,3
35,13,2,5.25,5
35,14,2,6,5.5
35,15,2,1.5,1
35,16,2,1.5,1
35,17,2,3.25,4
35,18,2,6.75,6.5
35,19,2,2,4
35,20,1,6,.357142857142857
40,1,1,7.25,5.5
40,2,1,4.75,5.5
40,3,1,7,5
40,4,1,6.5,5
40,5,1,6.25,5
40,6,1,6.25,5
40,7,1,3.75,6.5
40,8,1,6.5,4
40,9,1,4.75,7
40,10,2,4,.333333333333333
40,11,2,6,5.5
40,12,2,5,4
40,13,2,8,4.5
40,14,2,4.5,5
40,15,2,6.5,1.5
40,16,2,6.5,1.5
40,17,2,4.5,2.5
40,18,2,5.75,5.5
40,19,2,6,4.5
40,20,1,6,.119047619047619
43,1,1,5,4
43,2,1,6,4.5
43,3,1,6.5,6
43,4,1,3.75,6.5
43,5,1,3.5,5
43,6,1,3.5,5
43,7,1,3.75,5.5
43,8,1,4,3.5
43,9,1,5.5,4
43,10,2,4.5,.30952380952381
43,11,2,4.5,4
43,12,2,6.25,1.5
43,13,2,4.25,5.5
43,14,2,5.5,7.5
43,15,2,5.5,6
43,16,2,5.5,6
43,17,2,5.25,5
43,18,2,4.75,3
43,19,2,5.5,3.5
43,20,1,5.75,.166666666666667
44,1,1,4,6.5
44,2,1,5,7
44,3,1,3.5,8
44,4,1,5.5,7.5
44,5,1,4.75,8
44,6,1,4.75,8
44,7,1,4.25,7.5
44,8,1,4,8
44,9,1,4.75,8
44,10,2,3.5,.404761904761905
44,11,2,5,9
44,12,2,5,7.5
44,13,2,4.75,9
44,14,2,5.75,8
44,15,2,4.5,7.5
44,16,2,4.5,7.5
44,17,2,4,7.5
44,18,2,4.75,8
44,19,2,4.25,7.5
44,20,1,5,.380952380952381
48,1,1,5.5,4.5
48,2,1,5.75,5.5
48,3,1,6.5,6.5
48,4,1,6,4.5
48,5,1,6.25,5
48,6,1,6.25,5
48,7,1,5.75,6
48,8,1,5.25,4
48,9,1,5.5,6.5
48,10,2,6.5,.285714285714286
48,11,2,7,6.5
48,12,2,5.25,5
48,13,2,5.75,5
48,14,2,5.5,4.5
48,15,2,7,5
48,16,2,7,5
48,17,2,6.5,5.5
48,18,2,6.75,3.5
48,19,2,5.75,5.5
48,20,1,6,.261904761904762
50,1,1,7.75,5.5
50,2,1,8.5,8.5
50,3,1,7,7
50,4,1,7.5,8.5
50,5,1,7,8
50,6,1,7,8
50,7,1,4.5,6.5
50,8,1,5.25,1
50,9,1,5,7
50,10,2,4,.166666666666667
50,11,2,3.75,6
50,12,2,3.25,1
50,13,2,6.25,8
50,14,2,6.75,6
50,15,2,3.25,1.5
50,16,2,3.25,1.5
50,17,2,3.25,5.5
50,18,2,5,7
50,19,2,6.25,5
50,20,1,2.25,.0714285714285714
51,1,1,5.5,6
51,2,1,6.5,6
51,3,1,6,6.5
51,4,1,7,5.5
51,5,1,6.5,4.5
51,6,1,6.5,4.5
51,7,1,4,5
51,8,1,3.5,4.5
51,9,1,4,6
51,10,2,4.25,.261904761904762
51,11,2,5,6
51,12,2,3.75,5
51,13,2,7,5
51,14,2,5.5,5.5
51,15,2,4,4.5
51,16,2,4,4.5
51,17,2,5,4.5
51,18,2,3.75,4.5
51,19,2,5.75,4.5
51,20,1,5.5,.238095238095238
54,1,1,4.5,7.5
54,2,1,7.25,5.5
54,3,1,6.75,4
54,4,1,6.25,5.5
54,5,1,7,7
54,6,1,7,7
54,7,1,5,8.5
54,8,1,3.75,4.5
54,9,1,5.25,8
54,10,2,4.5,.357142857142857
54,11,2,5.5,4
54,12,2,3,6.5
54,13,2,6.75,4.5
54,14,2,6,5.5
54,15,2,2.5,3.5
54,16,2,2.5,3.5
54,17,2,5,2
54,18,2,3,3
54,19,2,3,3.5
54,20,1,3.75,.333333333333333
55,1,1,4.75,4.5
55,2,1,4.75,8
55,3,1,4.25,6
55,4,1,3.75,7
55,5,1,3.75,4.5
55,6,1,3.75,4.5
55,7,1,5.5,5.5
55,8,1,4,5
55,9,1,5.5,7
55,10,2,4.5,.285714285714286
55,11,2,4.25,5
55,12,2,5,2
55,13,2,5.5,2
55,14,2,4.75,6
55,15,2,3.5,6
55,16,2,3.5,6
55,17,2,5,3.5
55,18,2,4.25,3.5
55,19,2,4.25,3.5
55,20,1,3.25,.0952380952380952
57,1,1,6.75,4.5
57,2,1,7.75,8
57,3,1,7,8
57,4,1,7.75,6.5
57,5,1,7.75,6
57,6,1,7.75,6
57,7,1,6,7.5
57,8,1,3.25,4.5
57,9,1,4,7
57,10,2,5.5,.333333333333333
57,11,2,5,4.5
57,12,2,3.5,2
57,13,2,8,5
57,14,2,7.25,6
57,15,2,5.75,2.5
57,16,2,5.75,2.5
57,17,2,5,5.5
57,18,2,3.75,4.5
57,19,2,6.75,5
57,20,1,5.5,.238095238095238
60,1,1,7,3
60,2,1,7.75,5
60,3,1,5,4.5
60,4,1,7.25,4
60,5,1,6.75,3
60,6,1,6.75,3
60,7,1,2.25,6.5
60,8,1,2,7.5
60,9,1,6.75,8
60,10,2,3.75,.380952380952381
60,11,2,6.25,4.5
60,12,2,2.5,2
60,13,2,6.75,5
60,14,2,7.25,7.5
60,15,2,4.5,3
60,16,2,4.5,3
60,17,2,4.5,8
60,18,2,5,4.5
60,19,2,6.75,5.5
60,20,1,3.25,.357142857142857
63,1,1,5.75,7
63,2,1,5,5
63,3,1,3.25,5.5
63,4,1,5.75,7.5
63,5,1,6,7
63,6,1,6,7
63,7,1,6,7.5
63,8,1,3.5,6
63,9,1,5.25,7.5
63,10,2,4.25,.333333333333333
63,11,2,6,4
63,12,2,4.5,6
63,13,2,6.75,5
63,14,2,6,6.5
63,15,2,4.75,3
63,16,2,4.75,3
63,17,2,4.5,4.5
63,18,2,4.5,7
63,19,2,5,6.5
63,20,1,5.5,.261904761904762
66,1,1,4.75,5
66,2,1,6,7
66,3,1,5.25,6.5
66,4,1,5,3.5
66,5,1,6.25,5.5
66,6,1,6.25,5.5
66,7,1,6.75,7
66,8,1,6,3.5
66,9,1,5,4.5
66,10,2,4.75,.333333333333333
66,11,2,5.5,6
66,12,2,6,5.5
66,13,2,5.5,5
66,14,2,5.75,4.5
66,15,2,3.5,3.5
66,16,2,3.5,3.5
66,17,2,3.5,4.5
66,18,2,5,7
66,19,2,3.25,2.5
66,20,1,4,.19047619047619
67,1,1,4.75,3.5
67,2,1,4.75,5
67,3,1,5.75,3.5
67,4,1,5.25,4.5
67,5,1,5,4
67,6,1,5,4
67,7,1,5.25,3
67,8,1,6,6
67,9,1,6,5
67,10,2,5.75,.166666666666667
67,11,2,4.5,4.5
67,12,2,4.75,3.5
67,13,2,4.75,4.5
67,14,2,5.25,3.5
67,15,2,4.75,4
67,16,2,4.75,4
67,17,2,4.75,3
67,18,2,4.5,4.5
67,19,2,4.75,4.5
67,20,1,6.25,.238095238095238
70,1,1,4.5,4.5
70,2,1,5.25,6
70,3,1,4.75,4
70,4,1,4.75,5
70,5,1,4.75,4.5
70,6,1,4.75,4.5
70,7,1,6,6
70,8,1,6,5.5
70,9,1,5.25,7
70,10,2,5.75,.261904761904762
70,11,2,5.25,5.5
70,12,2,5,5.5
70,13,2,5.25,5.5
70,14,2,5,4.5
70,15,2,5,5
70,16,2,5,5
70,17,2,4.75,5
70,18,2,5.25,5.5
70,19,2,5.5,5.5
70,20,1,5.5,.261904761904762
71,1,1,5.75,3.5
71,2,1,4.75,4.5
71,3,1,6.75,6
71,4,1,5.75,3
71,5,1,4.75,4.5
71,6,1,4.75,4.5
71,7,1,5,7
71,8,1,5,4.5
71,9,1,6,7.5
71,10,2,5.25,.357142857142857
71,11,2,5,6
71,12,2,6.25,5
71,13,2,5,4
71,14,2,5,6
71,15,2,4,6
71,16,2,4,6
71,17,2,4.5,4
71,18,2,5.5,4.5
71,19,2,3,2.5
71,20,1,5,.261904761904762
72,1,1,4.5,7
72,2,1,5.75,5.5
72,3,1,5.75,5
72,4,1,4.75,5
72,5,1,5.75,6.5
72,6,1,5.75,6.5
72,7,1,6.75,8
72,8,1,5.75,5
72,9,1,6,7.5
72,10,2,6,.357142857142857
72,11,2,6.75,5.5
72,12,2,2.75,4
72,13,2,4.5,5
72,14,2,6.5,6.5
72,15,2,4.5,3.5
72,16,2,4.5,3.5
72,17,2,3.75,5.5
72,18,2,5.5,6
72,19,2,3,3
72,20,1,6,.333333333333333
73,1,1,5,3
73,2,1,5.25,4
73,3,1,4.25,4.5
73,4,1,5.25,4.5
73,5,1,5.75,4
73,6,1,5.75,4
73,7,1,4.5,3
73,8,1,5,3.5
73,9,1,5.75,3.5
73,10,2,5.5,.166666666666667
73,11,2,4.25,3
73,12,2,5,3
73,13,2,4.75,4.5
73,14,2,6,4
73,15,2,5.5,4.5
73,16,2,5.5,4.5
73,17,2,4.25,3.5
73,18,2,6.25,2.5
73,19,2,4.25,3.5
73,20,1,5,.19047619047619
74,1,1,5.75,5
74,2,1,5.75,5.5
74,3,1,6.25,5
74,4,1,5.75,4
74,5,1,6,7.5
74,6,1,6,7.5
74,7,1,5.75,7.5
74,8,1,4.75,6.5
74,9,1,5.25,7.5
74,10,2,5.75,.333333333333333
74,11,2,4.5,7
74,12,2,6,5.5
74,13,2,6.75,3.5
74,14,2,6,6.5
74,15,2,5.25,2
74,16,2,5.25,2
74,17,2,6.25,3
74,18,2,7.25,6.5
74,19,2,6,6
74,20,1,6.25,.19047619047619
75,1,1,5.75,7.5
75,2,1,5.25,7.5
75,3,1,4,7
75,4,1,5.5,6.5
75,5,1,5.75,7
75,6,1,5.75,7
75,7,1,4.25,7
75,8,1,3.5,6.5
75,9,1,5.75,6.5
75,10,2,5,.333333333333333
75,11,2,4.75,7
75,12,2,4.5,8
75,13,2,5,6
75,14,2,4.5,7.5
75,15,2,5.75,6
75,16,2,5.75,6
75,17,2,4.25,8
75,18,2,5,5
75,19,2,4.5,6.5
75,20,1,3.75,.333333333333333
77,1,1,5.25,4
77,2,1,5,5
77,3,1,5.5,4.5
77,4,1,5,4.5
77,5,1,5.25,4.5
77,6,1,5.25,4.5
77,7,1,4.75,4.5
77,8,1,4.25,4.5
77,9,1,4.75,4
77,10,2,5,.238095238095238
77,11,2,4.25,5
77,12,2, ,4
77,13,2,4.75,4.5
77,14,2,5.5,5
77,15,2,4.75,5
77,16,2,4.75,5
77,17,2,5,5
77,18,2,5,5
77,19,2,4.75,4.5
77,20,1,5,.19047619047619
79,1,1,5,5
79,2,1,5.75,5.5
79,3,1,7.75,6.5
79,4,1,6.75,3.5
79,5,1,4.25,6
79,6,1,4.25,6
79,7,1,5.75,6.5
79,8,1,6.25,7
79,9,1,5.75,7.5
79,10,2,5.25,.285714285714286
79,11,2,5,7.5
79,12,2,5.25,5
79,13,2,4.75,6.5
79,14,2,4.75,7
79,15,2,5,2.5
79,16,2,5,2.5
79,17,2,5,2
79,18,2,5.25,5.5
79,19,2,5.25,4.5
79,20,1,6.5,.285714285714286
93,1,1,5.25,4
93,2,1,4.25,7
93,3,1,6.25,6.5
93,4,1,5.75,4
93,5,1,5.5,6.5
93,6,1,5.5,6.5
93,7,1,3,4.5
93,8,1,5.75,6
93,9,1,4,7
93,10,2,4.5,.19047619047619
93,11,2,4.5,5.5
93,12,2,2.5,1.5
93,13,2,4.75,3.5
93,14,2,4.75,6
93,15,2,4,5
93,16,2,4,5
93,17,2,4,1.5
93,18,2,5,5.5
93,19,2,2.75,3.5
93,20,1,4.5,.166666666666667
96,1,1,8.5,7.5
96,2,1,7,5.5
96,3,1,5.5,5.5
96,4,1,6.75,6
96,5,1,6.75,7.5
96,6,1,6.75,7.5
96,7,1,2.25,1.5
96,8,1,4,1.5
96,9,1,6.25,4.5
96,10,2,5,.166666666666667
96,11,2,3.25,4.5
96,12,2,2.75,1
96,13,2,6,7.5
96,14,2,5.5,7
96,15,2,3.75,2.5
96,16,2,3.75,2.5
96,17,2,3,1.5
96,18,2,6.25,6
96,19,2,5,4
96,20,1,4.25,.0476190476190476
97,1,1,5.25,5.5
97,2,1,5,8
97,3,1,4.5,7
97,4,1,4.25,7.5
97,5,1,4.75,7
97,6,1,4.75,7
97,7,1,5,5.5
97,8,1,5.5,6
97,9,1,5,7
97,10,2,5.5,.261904761904762
97,11,2,4.5,7
97,12,2,5.25,5.5
97,13,2,5.5,7.5
97,14,2,5.25,6.5
97,15,2,5.25,6.5
97,16,2,5.25,6.5
97,17,2,5.25,8
97,18,2,5.5,7.5
97,19,2,4.25,6
97,20,1,5.75,.30952380952381
100,1,1,5.75,4
100,2,1,6.25,6
100,3,1,5.5,5
100,4,1,5.75,4.5
100,5,1,5.25,6
100,6,1,5.25,6
100,7,1,5.25,6
100,8,1,4.75,4.5
100,9,1,5.25,7
100,10,2,3.75,.30952380952381
100,11,2,6,6.5
100,12,2,3.75,4.5
100,13,2,6,5
100,14,2,6,4
100,15,2,6,3.5
100,16,2,6,3.5
100,17,2,4.25,6
100,18,2,5.5,5.5
100,19,2,5.75,4.5
100,20,1,4.25,.214285714285714
101,1,1,4.5,4
101,2,1,5.75,7
101,3,1,5.25,6
101,4,1,4.75,5.5
101,5,1,5.5,6.5
101,6,1,5.5,6.5
101,7,1,6.25,7
101,8,1,6,6
101,9,1,6.75,7
101,10,2,5.5,.333333333333333
101,11,2,5,6
101,12,2,4.75,5
101,13,2,4,4
101,14,2,5.25,5
101,15,2,3,3
101,16,2,3,3
101,17,2,3.5,3.5
101,18,2,5.5,5
101,19,2,4,4
101,20,1,5.25,.30952380952381
104,1,1,3.25,3.5
104,2,1,4.75,2
104,3,1,5.5,7.5
104,4,1,5.25,3.5
104,5,1,5,6.5
104,6,1,5,6.5
104,7,1,5.25,7.5
104,8,1,4.75,6
104,9,1,4.75,7.5
104,10,2,6.25,.380952380952381
104,11,2,3.5,5.5
104,12,2,5.5,2.5
104,13,2,4.5,4.5
104,14,2,5.5,6.5
104,15,2,2.75,4.5
104,16,2,2.75,4.5
104,17,2,3.5,2
104,18,2,5.5,2.5
104,19,2,3,4
104,20,1,5.25,.166666666666667
105,1,1,5,6.5
105,2,1,8.25,8
105,3,1,7,6.5
105,4,1,6,6
105,5,1,5.5,7
105,6,1,5.5,7
105,7,1,4.25,3.5
105,8,1,4.25,1.5
105,9,1,5.75,6.5
105,10,2,3.5,.19047619047619
105,11,2,6,7
105,12,2,4.25,4
105,13,2,6.25,7
105,14,2,5.5,5
105,15,2,5,3.5
105,16,2,5,3.5
105,17,2,3.5,4
105,18,2,5.25,4
105,19,2,5.25,4.5
105,20,1,2.5,.142857142857143
106,1,1,4.5,4
106,2,1,5.75,6.5
106,3,1,5.25,5
106,4,1,5.5,3
106,5,1,4.5,5.5
106,6,1,4.5,5.5
106,7,1,4.5,7
106,8,1,4,4.5
106,9,1,4.75,7
106,10,2,4.75,.333333333333333
106,11,2,4.5,5
106,12,2,4.75,3
106,13,2,5,4
106,14,2,5,4.5
106,15,2,4.25,3.5
106,16,2,4.25,3.5
106,17,2,4,3
106,18,2,5.5,4
106,19,2,5.25,3.5
106,20,1,4,.238095238095238
109,1,1,6,6
109,2,1,5,5
109,3,1,4,5.5
109,4,1,5.75,5
109,5,1,6,6.5
109,6,1,6,6.5
109,7,1,4.5,6
109,8,1,5,4
109,9,1,4.25,5.5
109,10,2,4.75,.285714285714286
109,11,2,5.25,4.5
109,12,2,5.25,3
109,13,2,5.25,5.5
109,14,2,5.25,6.5
109,15,2,4.25,3.5
109,16,2,4.25,3.5
109,17,2,4.5,5.5
109,18,2,4.5,6
109,19,2,4.75,6.5
109,20,1,4.25,.19047619047619
113,1,1,5.25,6.5
113,2,1,4.75,6
113,3,1,6,7
113,4,1,5.75,9
113,5,1,5.75,8
113,6,1,5.75,8
113,7,1,4.75,8.5
113,8,1,4.5,7
113,9,1,4.75,7.5
113,10,2,4.75,.404761904761905
113,11,2,5.75,8
113,12,2,5.25,9
113,13,2,5.5,8
113,14,2,6,8.5
113,15,2,5.25,8
113,16,2,5.25,8
113,17,2,5,7
113,18,2,5,8
113,19,2,6.25,9
113,20,1,5.75,.404761904761905
116,1,1,4.5,5
116,2,1,4.75,6.5
116,3,1,4.5,6
116,4,1,5,6
116,5,1,5,6.5
116,6,1,5,6.5
116,7,1,5,6
116,8,1,4.75,6.5
116,9,1,4.25,4.5
116,10,2,4.5,.238095238095238
116,11,2,4.5,5
116,12,2,5,5
116,13,2,4.75,5
116,14,2,5,5.5
116,15,2,4.75,6
116,16,2,4.75,6
116,17,2,4.75,5.5
116,18,2,5.5,5.5
116,19,2,5.5,7
116,20,1,4.5,.285714285714286
117,1,1,4.5,5
117,2,1,3.25,5
117,3,1,5.5,6
117,4,1,4.75,3.5
117,5,1,4.75,3.5
117,6,1,4.75,3.5
117,7,1,4.75,3.5
117,8,1,6.5,4
117,9,1,4.5,7.5
117,10,2,6,.238095238095238
117,11,2,3.75,5.5
117,12,2,4.25,5
117,13,2,3.25,4.5
117,14,2,3.75,7
117,15,2,3.5,2.5
117,16,2,3.5,2.5
117,17,2,5.25,3.5
117,18,2,6,5
117,19,2,4.25,2.5
117,20,1,2.75,.333333333333333
118,1,1,6.5,7
118,2,1,7.25,7.5
118,3,1,7.75,6
118,4,1,8.5,7.5
118,5,1,7.25,7.5
118,6,1,7.25,7.5
118,7,1,7.75,4.5
118,8,1,7.25,7
118,9,1,7.5,6
118,10,2,7.5,.30952380952381
118,11,2,8,6
118,12,2,6.5,5
118,13,2,7.75,7.5
118,14,2,8.25,8
118,15,2,6,4.5
118,16,2,6,4.5
118,17,2,7.25,6.5
118,18,2,8,7
118,19,2,6.75,6
118,20,1,7.25,.357142857142857
119,1,1,7,7.5
119,2,1,7.75,8.5
119,3,1,6.75,7
119,4,1,7,7.5
119,5,1,6,6.5
119,6,1,6,6.5
119,7,1,3.75,4
119,8,1,4,4.5
119,9,1,4.25,5.5
119,10,2,5.75,.285714285714286
119,11,2,4.75,5.5
119,12,2,4.5,3.5
119,13,2,7,6
119,14,2,6.5,7.5
119,15,2,4.25,5
119,16,2,4.25,5
119,17,2,5.25,6.5
119,18,2,5,6
119,19,2,7.5,5.5
119,20,1,4.75,.119047619047619
120,1,1,6,4
120,2,1,5.75,4
120,3,1,5.5,5
120,4,1,5.5,4.5
120,5,1,6.5,7
120,6,1,6.5,7
120,7,1,5.5,7.5
120,8,1,6.5,5
120,9,1,5.75,5
120,10,2,4.75,.30952380952381
120,11,2,5.75,6
120,12,2,4,3.5
120,13,2,5.5,3.5
120,14,2,5.5,5
120,15,2,4.75,1.5
120,16,2,4.75,1.5
120,17,2,3.75,2.5
120,18,2,4.25,4.5
120,19,2,4,2
120,20,1,4.75,.30952380952381
122,1,1,5.25,6.5
122,2,1,4.25,5
122,3,1,5,6
122,4,1,5,5.5
122,5,1,5.5,5
122,6,1,5.5,5
122,7,1,4.75,6
122,8,1,5.5,5
122,9,1,5,5
122,10,2,5.25,.238095238095238
122,11,2,5,5
122,12,2,5,5
122,13,2,4.5,5.5
122,14,2,4.5,5
122,15,2,5,5
122,16,2,5,5
122,17,2,4.5,5
122,18,2,4.5,5.5
122,19,2,4.25,6.5
122,20,1,5.75,.285714285714286
124,1,1,5.5,2.5
124,2,1,6,5
124,3,1,5,4.5
124,4,1,7.75,5
124,5,1,6.25,6.5
124,6,1,6.25,6.5
124,7,1,4.5,6
124,8,1,6,5
124,9,1,7,7
124,10,2,4.75,.214285714285714
124,11,2,4.75,3.5
124,12,2,4,6
124,13,2,6.5,5.5
124,14,2,5,5
124,15,2,3.5,2.5
124,16,2,3.5,2.5
124,17,2,6,3.5
124,18,2,5,7
124,19,2,6,5
124,20,1,6.25,.238095238095238
125,1,1,5,5
125,2,1,4.75,5.5
125,3,1,5.5,4
125,4,1,7,7
125,5,1,6.5,4.5
125,6,1,6.5,4.5
125,7,1,4.25,7.5
125,8,1,4.75,7
125,9,1,6.25,6.5
125,10,2,7,.357142857142857
125,11,2,5.25,4
125,12,2,6,4.5
125,13,2,5,5
125,14,2,4.75,7
125,15,2,3.25,3.5
125,16,2,3.25,3.5
125,17,2,4.75,6
125,18,2,3.75,6.5
125,19,2,5.5,4.5
125,20,1,5.5,.333333333333333
126,1,1, ,2.5
126,2,1, ,9
126,3,1, ,5
126,4,1, ,2.5
126,5,1, ,7
126,6,1, ,7
126,7,1, ,7.5
126,8,1, ,4
126,9,1, ,7.5
126,10,2, ,.357142857142857
126,11,2, ,3.5
126,12,2, ,8.5
126,13,2, ,6.5
126,14,2, ,6
126,15,2, ,4
126,16,2, ,4
126,17,2, ,6
126,18,2, ,4.5
126,19,2, ,3
126,20,1, ,.19047619047619
128,1,1,5,5
128,2,1,5,5
128,3,1,6,5
128,4,1,5,5
128,5,1,5,5
128,6,1,5,5
128,7,1,4,5
128,8,1,5,5
128,9,1,4.75,5
128,10,2,5,.238095238095238
128,11,2,5,5
128,12,2,5,5
128,13,2,5,5
128,14,2,5,5
128,15,2,5,5
128,16,2,5,5
128,17,2,5,5
128,18,2,4,5
128,19,2,5,5
128,20, ,5,.238095238095238
