ParticipantID,VOICE_NUMBER,VOICE_TYPE,HEALTH,ATTRACTIVENESS
10,1,1,6.25,1
10,2,1,4.75,1
10,3,1,6.25,1
10,4,1,6,1
10,5,1,6.75,6
10,6,1,6.75,6
10,7,1,4.5,1
10,8,1,7.5,6
10,9,1,5.25,1
10,10,2,5,.0476190476190476
10,11,2,6,4
10,12,2,6,1
10,13,2,6.25,6
10,14,2,6,1
10,15,2,6,4.5
10,16,2,6,4.5
10,17,2,6.75,7
10,18,2,5.25,1
10,19,2,6.5,4
10,20,1,6.75,.238095238095238
64,1,1,2.75,1
64,2,1,3.25,1
64,3,1,3.75,2
64,4,1,4,3
64,5,1,8,8
64,6,1,8,8
64,7,1,7,7.5
64,8,1,5.75,5
64,9,1,8.5,8
64,10,2,7.75,.380952380952381
64,11,2,6,3.5
64,12,2,3,1.5
64,13,2,3,1.5
64,14,2,5.75,4.5
64,15,2,2.75,1
64,16,2,2.75,1
64,17,2,3.75,2
64,18,2,3.5,1.5
64,19,2,1.75,4.5
64,20,1,3,.166666666666667
87,1,1,6.5,1
87,2,1,7.25,1
87,3,1,7.5,2.5
87,4,1,8.5,4
87,5,1,5.25,3.5
87,6,1,5.25,3.5
87,7,1,3.75,2
87,8,1,4.5,2
87,9,1,3.75,1
87,10,2,4,.0476190476190476
87,11,2,5.5,3
87,12,2,4.25,1
87,13,2,8.5,3.5
87,14,2,6.75,4
87,15,2,6.25,1
87,16,2,6.25,1
87,17,2,8,4
87,18,2,7.5,3.5
87,19,2,6.25,2.5
87,20,1,5.75,.0476190476190476
90,1,1,5.25,2
90,2,1,6.25,1
90,3,1,6,2.5
90,4,1,5.25,3
90,5,1,5.25,8
90,6,1,5.25,8
90,7,1,5.5,4
90,8,1,4.75,7
90,9,1,6,8
90,10,2,4.25,.30952380952381
90,11,2,4.75,3.5
90,12,2,5,5.5
90,13,2,6.25,4.5
90,14,2,3.5,5.5
90,15,2,6,2
90,16,2,6,2
90,17,2,5,5
90,18,2,6,5
90,19,2,5.5,4.5
90,20,1,5,.261904761904762
123,1,1,5.5,1.5
123,2,1,6,5
123,3,1,5.25,3
123,4,1,8.5,6
123,5,1,8,7
123,6,1,8,7
123,7,1,2.75,2.5
123,8,1,7.25,4.5
123,9,1,5.75,7
123,10,2,2.75,.0714285714285714
123,11,2,6,5
123,12,2,3.5,1
123,13,2,8.5,7.5
123,14,2,5.25,2.5
123,15,2,1.75,1
123,16,2,1.75,1
123,17,2,5,3
123,18,2,5,2
123,19,2,3.5,4.5
123,20,1,4.5,.238095238095238
17,1,1,5.75,2
17,2,1,5.5,2
17,3,1,3.75,2
17,4,1,4.75,4.5
17,5,1,4.5,6.5
17,6,1,4.5,6.5
17,7,1,2.5,5
17,8,1,5.75,8.5
17,9,1,3.25,4.5
17,10,2,4,.30952380952381
17,11,2,3.75,2
17,12,2,3.75,2.5
17,13,2,5,2.5
17,14,2,3.25,5
17,15,2,5.25,2
17,16,2,5.25,2
17,17,2,5,2
17,18,2,6,3.5
17,19,2,3.75,5
17,20,1,3.25,.166666666666667
46,1,1,5.5,3
46,2,1,6,2.5
46,3,1,5.75,3.5
46,4,1,8,6
46,5,1,7.75,7.5
46,6,1,7.75,7.5
46,7,1,4.75,1.5
46,8,1,6.5,9
46,9,1,5.75,5.5
46,10,2,4.25,.238095238095238
46,11,2,5.5,5.5
46,12,2,5.25,3.5
46,13,2,7,5
46,14,2,6.5,2.5
46,15,2,5,2.5
46,16,2,5,2.5
46,17,2,3.25,3
46,18,2,5,2.5
46,19,2,6.25,5
46,20,1,4.25,.0476190476190476
62,1,1,5.75,1.5
62,2,1,5,2
62,3,1,5.75,2
62,4,1,5.25,2.5
62,5,1,5.5,3
62,6,1,5.5,3
62,7,1,4.75,2
62,8,1,5.5,3
62,9,1,4.25,2.5
62,10,2,5.5,.0952380952380952
62,11,2,5.75,2
62,12,2,4.75,2
62,13,2,5.5,2
62,14,2,5.5,2
62,15,2,5,2
62,16,2,5,2
62,17,2,5.5,2
62,18,2,4.25,1.5
62,19,2,4.75,2
62,20,1,5,.0952380952380952
80,1,1, ,5
80,2,1, ,1.5
80,3,1, ,5
80,4,1, ,5
80,5,1, ,6
80,6,1, ,6
80,7,1, ,4.5
80,8,1, ,6
80,9,1, ,7.5
80,10,2, ,.214285714285714
80,11,2, ,3
80,12,2, ,2
80,13,2, ,7
80,14,2, ,5.5
80,15,2, ,4.5
80,16,2, ,4.5
80,17,2, ,4.5
80,18,2, ,5
80,19,2, ,6
80,20,1, ,.19047619047619
86,1,1,6.25,4
86,2,1,5.5,3
86,3,1,6,4.5
86,4,1,4.75,6
86,5,1,5.5,4.5
86,6,1,5.5,4.5
86,7,1,5,4
86,8,1,6.5,6
86,9,1,5.25,5.5
86,10,2,6.5,.285714285714286
86,11,2,5.75,5.5
86,12,2,5.5,6
86,13,2,5.5,4.5
86,14,2,5.5,4.5
86,15,2,4.5,4.5
86,16,2,4.5,4.5
86,17,2,6.25,2.5
86,18,2,5.25,6
86,19,2,6,6
86,20,1,5.75,.261904761904762
89,1,1,5.5,4.5
89,2,1,5.75,2.5
89,3,1,7.5,7.5
89,4,1,7,6.5
89,5,1,7.25,7
89,6,1,7.25,7
89,7,1,5,5
89,8,1,6.5,6.5
89,9,1,7.25,8.5
89,10,2,7,.380952380952381
89,11,2,7,6.5
89,12,2,5.75,4
89,13,2,4.5,8
89,14,2,7.25,7.5
89,15,2,2.75,4
89,16,2,2.75,4
89,17,2,7.25,8.5
89,18,2,6.75,7
89,19,2,4.75,8
89,20,1,7.75,.380952380952381
92,1,1,4.5,2
92,2,1,9,8
92,3,1,7.25,8.5
92,4,1,7.5,8.5
92,5,1,8,9
92,6,1,8,9
92,7,1,3.75,2
92,8,1,4.5,2
92,9,1,4.75,5.5
92,10,2,4,.30952380952381
92,11,2,6.75,8.5
92,12,2,4.25,1
92,13,2,7.5,9
92,14,2,5,8
92,15,2,3.25,1.5
92,16,2,3.25,1.5
92,17,2,6.25,4.5
92,18,2,4.75,5.5
92,19,2,1.75,3.5
92,20,1,2.25,.166666666666667
6,1,1,4.75,4
6,2,1,4.5,2.5
6,3,1,3.75,2
6,4,1,4.75,4.5
6,5,1,7.5,4
6,6,1,7.5,4
6,7,1,7.75,4.5
6,8,1,7.5,5.5
6,9,1,7.5,7.5
6,10,2,7.5,.333333333333333
6,11,2,4.75,5
6,12,2,4,2.5
6,13,2,3.75,3
6,14,2,5.25,7
6,15,2,2.5,2.5
6,16,2,2.5,2.5
6,17,2,3.75,4
6,18,2,6.25,5
6,19,2,4.25,4.5
6,20,1,6.5,.285714285714286
24,1,1,6.5,2.5
24,2,1,2.25,1.5
24,3,1,3.5,4
24,4,1,6.75,7
24,5,1,5.5,6.5
24,6,1,5.5,6.5
24,7,1,3.75,3.5
24,8,1,6.5,7.5
24,9,1,6.75,7.5
24,10,2,6.5,.428571428571429
24,11,2,5.25,6.5
24,12,2,2.75,1.5
24,13,2,7.5,6
24,14,2,4.25,3
24,15,2,5.75,2
24,16,2,5.75,2
24,17,2,6.75,4.5
24,18,2,5.75,6
24,19,2,6.5,5
24,20,1,6,.285714285714286
38,1,1,6,2.5
38,2,1,6.25,1.5
38,3,1,5,8
38,4,1,8.5,9
38,5,1,8.5,8.5
38,6,1,8.5,8.5
38,7,1,2.25,2
38,8,1,3,3.5
38,9,1,3.5,4.5
38,10,2,1.5,.142857142857143
38,11,2,3,3.5
38,12,2,2.25,6
38,13,2,6,7.5
38,14,2,5,7
38,15,2,3.5,1.5
38,16,2,3.5,1.5
38,17,2,2.25,6
38,18,2,1.75,1.5
38,19,2,3,4.5
38,20,1,2.25,.166666666666667
69,1,1,6.25,4
69,2,1,6.25,6.5
69,3,1,7.75,7
69,4,1,8,7
69,5,1,7,7
69,6,1,7,7
69,7,1,3.5,2.5
69,8,1,3.75,4.5
69,9,1,4.75,3
69,10,2,2.5,.214285714285714
69,11,2,4,4.5
69,12,2,3.25,1.5
69,13,2,5.75,5
69,14,2,5.75,4.5
69,15,2,1.75,1
69,16,2,1.75,1
69,17,2,2,1
69,18,2,5.5,3.5
69,19,2,4,3
69,20,1,4.5,.119047619047619
91,1,1,7.5,5.5
91,2,1,8.25,6
91,3,1,7.75,4.5
91,4,1,6.25,3
91,5,1,9,6
91,6,1,9,6
91,7,1,7,7
91,8,1,4.5,3
91,9,1,4.25,2.5
91,10,2,4.5,.0952380952380952
91,11,2,4.75,4.5
91,12,2,3.5,3
91,13,2,7.5,4.5
91,14,2,7,5.5
91,15,2,3.5,2
91,16,2,3.5,2
91,17,2,4.75,7
91,18,2,4,4
91,19,2,4.25,2
91,20,1,3.5,.166666666666667
99,1,1,6,3.5
99,2,1,3.25,1
99,3,1,5.25,1
99,4,1,7.75,2
99,5,1,7.75,4
99,6,1,7.75,4
99,7,1,7.5,5.5
99,8,1,7.25,1.5
99,9,1,8,7
99,10,2,7.5,.19047619047619
99,11,2,5.25,1
99,12,2,4.75,1
99,13,2,5.75,1
99,14,2,6.25,3.5
99,15,2,2.75,1
99,16,2,2.75,1
99,17,2,5,1
99,18,2,4,2
99,19,2,4.75,4.5
99,20,1,7.5,.214285714285714
108,1,1,6.25,3
108,2,1,8,1
108,3,1,7.75,3
108,4,1,8.75,5.5
108,5,1,8.5,6.5
108,6,1,8.5,6.5
108,7,1,7.25,3
108,8,1,5.25,7.5
108,9,1,6.75,2
108,10,2,7,.261904761904762
108,11,2,6,3.5
108,12,2,4,5.5
108,13,2,6.5,8
108,14,2,7.5,5
108,15,2,5.5,2.5
108,16,2,5.5,2.5
108,17,2,5.75,5
108,18,2,4.5,1
108,19,2,3,6
108,20,1,4.25,.166666666666667
4,1,1,5.5,4
4,2,1,4.5,5
4,3,1,4.75,5.5
4,4,1,5.5,6
4,5,1,4.5,5.5
4,6,1,4.5,5.5
4,7,1,5,6
4,8,1,4.75,6
4,9,1,5.25,5.5
4,10,2,5.25,.261904761904762
4,11,2,5,5.5
4,12,2,6.25,4.5
4,13,2,5.75,5
4,14,2,4.25,5.5
4,15,2,4.75,4.5
4,16,2,4.75,4.5
4,17,2,4.75,5
4,18,2,5,4
4,19,2,4.75,5.5
4,20,1,4.5,.261904761904762
21,1,1,5.75,4.5
21,2,1,4.75,4
21,3,1,6.25,6
21,4,1,5.5,7
21,5,1,6.5,6
21,6,1,6.5,6
21,7,1,4,4
21,8,1,5.25,7.5
21,9,1,4.25,4.5
21,10,2,3.75,.19047619047619
21,11,2,4,4
21,12,2,4.25,2.5
21,13,2,5.25,5
21,14,2,7,7
21,15,2,3.75,5
21,16,2,3.75,5
21,17,2,3.75,5.5
21,18,2,4.25,5
21,19,2,4.5,5.5
21,20,1,4.75,.214285714285714
28,1,1, ,4.5
28,2,1, ,8
28,3,1, ,7
28,4,1, ,4
28,5,1, ,8.5
28,6,1, ,8.5
28,7,1, ,9
28,8,1, ,9
28,9,1, ,9
28,10,2, ,.428571428571429
28,11,2, ,6
28,12,2, ,7
28,13,2, ,4.5
28,14,2, ,5
28,15,2, ,1
28,16,2, ,1
28,17,2, ,1
28,18,2, ,4.5
28,19,2, ,7
28,20,1, ,.30952380952381
53,1,1,5.25,4
53,2,1,5.25,3
53,3,1,6,4.5
53,4,1,5.25,5
53,5,1,6,5
53,6,1,6,5
53,7,1,4.5,3
53,8,1,4.25,6.5
53,9,1,4.5,7
53,10,2,5.25,.238095238095238
53,11,2,5,4.5
53,12,2,5,3.5
53,13,2,5.75,4
53,14,2,6,4
53,15,2,3.75,3.5
53,16,2,3.75,3.5
53,17,2,3.25,4.5
53,18,2,4,5.5
53,19,2,4.75,6
53,20,1,5,.238095238095238
58,1,1,5,4
58,2,1,6.25,5.5
58,3,1,7.25,5
58,4,1,6.25,5.5
58,5,1,5.75,6
58,6,1,5.75,6
58,7,1,4.25,4.5
58,8,1,3.75,4
58,9,1,5,5
58,10,2,4.5,.285714285714286
58,11,2,5.5,5
58,12,2,3.75,4
58,13,2,5.75,3.5
58,14,2,5.5,6
58,15,2,4.5,3
58,16,2,4.5,3
58,17,2,5.75,3.5
58,18,2,5.75,3.5
58,19,2,5.75,4
58,20,1,5.25,.261904761904762
103,1,1,5,5
103,2,1,5,6
103,3,1,5.25,4
103,4,1,5.75,6
103,5,1,4.75,5
103,6,1,4.75,5
103,7,1,4.5,4
103,8,1,4.25,6
103,9,1,5,5
103,10,2,4.75,.261904761904762
103,11,2,4.5,4
103,12,2,4.75,3
103,13,2,4.25,4
103,14,2,4.25,4
103,15,2,5.25,4.5
103,16,2,5.25,4.5
103,17,2,5.5,4.5
103,18,2,4,4
103,19,2,4,3
103,20,1,4.5,.19047619047619
111,1,1,4,6
111,2,1,5.25,7
111,3,1,6.5,8.5
111,4,1,8.5,5
111,5,1,2.75,7.5
111,6,1,2.75,7.5
111,7,1,5.75,7
111,8,1,4.75,5
111,9,1,3.25,3
111,10,2,5.25,.0952380952380952
111,11,2,5,3
111,12,2,6,5.5
111,13,2,7.25,6
111,14,2,4,6
111,15,2,4.75,3
111,16,2,4.75,3
111,17,2,5.25,6
111,18,2,7.25,8
111,19,2,6,2.5
111,20,1,4,.19047619047619
42,1,1,6,5
42,2,1,6.5,3.5
42,3,1,6.25,4.5
42,4,1,6.25,7
42,5,1,5.5,6
42,6,1,5.5,6
42,7,1,5.5,7.5
42,8,1,4.75,4
42,9,1,7.25,7
42,10,2,6.25,.261904761904762
42,11,2,6,6.5
42,12,2,5,4
42,13,2,4.75,6.5
42,14,2,6.75,7
42,15,2,4.75,2.5
42,16,2,4.75,2.5
42,17,2,5,6
42,18,2,5.75,3.5
42,19,2,4.75,6.5
42,20,1,5.5,.238095238095238
68,1,1,6.5,5
68,2,1,6.75,6.5
68,3,1,6,6.5
68,4,1,6,6.5
68,5,1,5.75,6.5
68,6,1,5.75,6.5
68,7,1,4.5,3
68,8,1,6.25,5
68,9,1,5.5,5
68,10,2,5.5,.19047619047619
68,11,2,5.25,6.5
68,12,2,4.75,4
68,13,2,6,5
68,14,2,5.25,5
68,15,2,6.25,4
68,16,2,6.25,4
68,17,2,5.25,5
68,18,2,5.5,5
68,19,2,5.5,5
68,20,1,4.25,.238095238095238
102,1,1,5.5,6
102,2,1,5,5
102,3,1,5.5,5.5
102,4,1,5.75,5.5
102,5,1,5.75,6.5
102,6,1,5.75,6.5
102,7,1,5.25,7
102,8,1,5.5,6.5
102,9,1,5.25,7
102,10,2,5.25,.261904761904762
102,11,2,5.25,5.5
102,12,2,5,4
102,13,2,5.5,5
102,14,2,4.75,6.5
102,15,2,5.25,4.5
102,16,2,5.25,4.5
102,17,2,5.5,5
102,18,2,5.25,5
102,19,2,4.75,5
102,20,1,5.5,.285714285714286
107,1,1,4,5
107,2,1,5.75,4.5
107,3,1,6.5,4
107,4,1,5.75,2.5
107,5,1,6,4.5
107,6,1,6,4.5
107,7,1,5,7
107,8,1,5.5,6
107,9,1,6.5,6
107,10,2,5.5,.238095238095238
107,11,2,4,4.5
107,12,2,4.5,4
107,13,2,4.5,1.5
107,14,2,4.75,7
107,15,2,4.25,1
107,16,2,4.25,1
107,17,2,4.75,3.5
107,18,2,5.75,4
107,19,2,5,7
107,20,1,4.25,.285714285714286
112,1,1,5.75,4
112,2,1,5,5
112,3,1,4.75,4.5
112,4,1,5.25,4.5
112,5,1,5.25,4
112,6,1,5.25,4
112,7,1,5,6
112,8,1,4.75,5
112,9,1,5.25,4
112,10,2,4.5,.238095238095238
112,11,2,5,3
112,12,2,4.75,3
112,13,2,5.5,4
112,14,2,4.75,4.5
112,15,2,5.25,2.5
112,16,2,5.25,2.5
112,17,2,4.25,2.5
112,18,2,5,4
112,19,2,5,3.5
112,20,1,6.5,.214285714285714
5,1,1,5.5,6
5,2,1,6,3
5,3,1,8.25,5
5,4,1,7,7
5,5,1,6.75,7
5,6,1,6.75,7
5,7,1,4,5
5,8,1,7,7
5,9,1,5.5,8
5,10,2,3.5,.357142857142857
5,11,2,5,5
5,12,2,3.25,1
5,13,2,6.5,2
5,14,2,7.25,8.5
5,15,2,5.5,3
5,16,2,5.5,3
5,17,2,4.75,4
5,18,2,6,8
5,19,2,4,4.5
5,20,1,6,.285714285714286
30,1,1,4.75,5
30,2,1,4,3
30,3,1,4.75,4.5
30,4,1,6,5
30,5,1,6.5,6
30,6,1,6.5,6
30,7,1,5.25,4
30,8,1,6,6
30,9,1,6.5,6.5
30,10,2,6.5,.19047619047619
30,11,2,5.25,4.5
30,12,2,5.5,4
30,13,2,6,3.5
30,14,2,4.25,5.5
30,15,2,5.25,4.5
30,16,2,5.25,4.5
30,17,2,5.5,5.5
30,18,2,6.5,5
30,19,2,6,6
30,20,1,6.75,.238095238095238
36,1,1,5.75,5.5
36,2,1,5.5,5.5
36,3,1,5,6
36,4,1,6.25,4.5
36,5,1,6,4
36,6,1,6,4
36,7,1,4.25,6
36,8,1,5.25,5
36,9,1,6,6
36,10,2,5,.285714285714286
36,11,2,5,6
36,12,2,5.75,5.5
36,13,2,4.25,5.5
36,14,2,4.75,2.5
36,15,2,4.25,1
36,16,2,4.25,1
36,17,2,5.5,5.5
36,18,2,5.5,6
36,19,2,5.75,5
36,20,1,4.75,.261904761904762
39,1,1,6,4
39,2,1,2.75,5.5
39,3,1,7,7.5
39,4,1,5.75,5.5
39,5,1,5.75,6.5
39,6,1,5.75,6.5
39,7,1,5,8
39,8,1,4.5,7
39,9,1,4.75,7
39,10,2,3.5,.357142857142857
39,11,2,5.5,6
39,12,2,4.25,6.5
39,13,2,7.5,5.5
39,14,2,3.25,8
39,15,2,7,4
39,16,2,7,4
39,17,2,6,5.5
39,18,2,5.75,6.5
39,19,2,5.75,3.5
39,20,1,7.75,.333333333333333
45,1,1,4.75,4.5
45,2,1,5.75,5
45,3,1,5.25,3
45,4,1,5,3
45,5,1,4,4.5
45,6,1,4,4.5
45,7,1,4.75,3.5
45,8,1,5.5,4
45,9,1,6,4.5
45,10,2,5.75,.119047619047619
45,11,2,5.25,4
45,12,2,4.5,3.5
45,13,2,5.25,3
45,14,2,5.5,4.5
45,15,2,5.5,2.5
45,16,2,5.5,2.5
45,17,2,5.75,3
45,18,2,4,4.5
45,19,2,4.5,3.5
45,20,1,5,.214285714285714
47,1,1,5.25,4.5
47,2,1,6,7
47,3,1,6.5,6
47,4,1,6.5,7
47,5,1,7.5,5
47,6,1,7.5,5
47,7,1,4.75,3.5
47,8,1,5.5,4.5
47,9,1,4.5,3.5
47,10,2,5,.166666666666667
47,11,2,5.5,5
47,12,2,4.5,3
47,13,2,5.5,4.5
47,14,2,6.5,6.5
47,15,2,4,3
47,16,2,4,3
47,17,2,3.5,4
47,18,2,4.5,6
47,19,2,3.25,2
47,20,1,4.75,.285714285714286
76,1,1,5.25,4.5
76,2,1,5.25,4.5
76,3,1,4.25,3.5
76,4,1,5,4.5
76,5,1,4.75,4
76,6,1,4.75,4
76,7,1,5.25,5
76,8,1,4.5,2
76,9,1,4.5,2
76,10,2,5,.19047619047619
76,11,2,5.25,4
76,12,2,4.75,2.5
76,13,2,5.25,4.5
76,14,2,5.25,4
76,15,2,4.5,3.5
76,16,2,4.5,3.5
76,17,2,4.5,2.5
76,18,2,5,3.5
76,19,2,5.25,3.5
76,20,1,5,.166666666666667
110,1,1,6,6
110,2,1,7.25,3
110,3,1,7,3
110,4,1,7.25,3
110,5,1,6.5,4
110,6,1,6.5,4
110,7,1,3.25,1.5
110,8,1,5,2
110,9,1,3.75,2.5
110,10,2,2.75,.0476190476190476
110,11,2,4.25,2
110,12,2,5,1.5
110,13,2,7.5,5.5
110,14,2,2.75,1
110,15,2,5.75,3
110,16,2,5.75,3
110,17,2,3.25,1
110,18,2,5.5,3.5
110,19,2,4.25,1
110,20,1,2.5,.0714285714285714
114,1,1,6.75,5.5
114,2,1,4.75,5
114,3,1,4.75,5
114,4,1,5.75,5
114,5,1,6.25,5
114,6,1,6.25,5
114,7,1,4.5,5
114,8,1,4,5.5
114,9,1,5.5,5
114,10,2,3,.238095238095238
114,11,2,5.25,5
114,12,2,3,5.5
114,13,2,5.5,5
114,14,2,6.75,5
114,15,2,3.25,5
114,16,2,3.25,5
114,17,2,4.25,5.5
114,18,2,4.5,5
114,19,2,3.25,5
114,20,1,6.75,.261904761904762
127,1,1,7.25,6.5
127,2,1,8,5.5
127,3,1,7.25,4
127,4,1,6.25,5.5
127,5,1,5,2.5
127,6,1,5,2.5
127,7,1,1.25,5.5
127,8,1,2.5,8.5
127,9,1,3.75,8
127,10,2,4.25,.261904761904762
127,11,2,3.5,2.5
127,12,2,2,5.5
127,13,2,4.75,3.5
127,14,2,6.25,6.5
127,15,2,2,3
127,16,2,2,3
127,17,2,1.75,2.5
127,18,2,3.25,3
127,19,2,1.5,6.5
127,20,1,4.75,.238095238095238
18,1,1,5.75,7
18,2,1,5.5,7
18,3,1,6.75,6.5
18,4,1,5,6
18,5,1,6,6
18,6,1,6,6
18,7,1,5.25,7
18,8,1,5.5,6.5
18,9,1,4.5,6
18,10,2,5.5,.333333333333333
18,11,2,5.5,7.5
18,12,2,5.75,6
18,13,2,5.5,7.5
18,14,2,4.5,6.5
18,15,2,5,6
18,16,2,5,6
18,17,2,5,7
18,18,2,4.5,6.5
18,19,2,6,7
18,20,1,6,.357142857142857
37,1,1,5.25,6
37,2,1,4,1.5
37,3,1,6,5.5
37,4,1,6.5,3.5
37,5,1,5.25,3
37,6,1,5.25,3
37,7,1,5,2
37,8,1,7.5,5
37,9,1,3.75,4.5
37,10,2,3.5,.119047619047619
37,11,2,4.75,5
37,12,2,4.75,5
37,13,2,6,4
37,14,2,2.75,1.5
37,15,2,2.75,2.5
37,16,2,2.75,2.5
37,17,2,4.5,3
37,18,2,5.5,5.5
37,19,2,4,5
37,20,1,5.25,.0952380952380952
65,1,1,5.25,6.5
65,2,1,3.75,6
65,3,1,5,5.5
65,4,1,5.75,5.5
65,5,1,3.5,5.5
65,6,1,3.5,5.5
65,7,1,3.5,5
65,8,1,5.75,4.5
65,9,1,4.5,5.5
65,10,2,6.25,.357142857142857
65,11,2,6.75,7
65,12,2,4,2.5
65,13,2,6.5,6
65,14,2,6,5
65,15,2,2.5,2
65,16,2,2.5,2
65,17,2,5.75,4.5
65,18,2,4,5.5
65,19,2,5.5,4
65,20,1,6.25,.333333333333333
78,1,1,6.75,7
78,2,1,5,4
78,3,1,6.5,5.5
78,4,1,6.25,6.5
78,5,1,5.25,6
78,6,1,5.25,6
78,7,1,5,3.5
78,8,1,6,6
78,9,1,4.5,4.5
78,10,2,4,.214285714285714
78,11,2,4.5,5.5
78,12,2,5.5,6.5
78,13,2,6.5,6.5
78,14,2,5.5,7
78,15,2,4,3.5
78,16,2,4,3.5
78,17,2,5.25,5.5
78,18,2,6,5.5
78,19,2,6,5.5
78,20,1,3.5,.285714285714286
83,1,1,5.5,5.5
83,2,1,4,7
83,3,1,6,5
83,4,1,4.75,6.5
83,5,1,6,6.5
83,6,1,6,6.5
83,7,1,5.25,7.5
83,8,1,6,6
83,9,1,4,7
83,10,2,4.5,.285714285714286
83,11,2,5.25,7
83,12,2,5.75,6.5
83,13,2,4,4.5
83,14,2,4.25,7.5
83,15,2,3.5,4.5
83,16,2,3.5,4.5
83,17,2,5.75,5.5
83,18,2,4.75,6
83,19,2,4.5,5.5
83,20,1,4.75,.357142857142857
95,1,1,7.75,5.5
95,2,1,8.25,2
95,3,1,8,7.5
95,4,1,8,6
95,5,1,6,3.5
95,6,1,6,3.5
95,7,1,7.75,3
95,8,1,7.75,6.5
95,9,1,8,4.5
95,10,2,6.5,.428571428571429
95,11,2,7,2.5
95,12,2,7.75,5.5
95,13,2,7.25,5.5
95,14,2,8,3
95,15,2,8,5
95,16,2,8,5
95,17,2,7.75,5.5
95,18,2,8,6
95,19,2,7.25,6.5
95,20,1,8,.30952380952381
129,1,1,6.75,5
129,2,1,4.5,5.5
129,3,1,4.25,4
129,4,1,6,5
129,5,1,5,4
129,6,1,5,4
129,7,1,4.5,3
129,8,1,5.25,3
129,9,1,5.25,2.5
129,10,2,4.75,.119047619047619
129,11,2,5,5.5
129,12,2,5,3
129,13,2,5.75,2.5
129,14,2,7,3
129,15,2,5.25,3
129,16,2,5.25,3
129,17,2,5,2.5
129,18,2,4.5,2.5
129,19,2,4.5,3.5
129,20,1,4.75,.333333333333333
56,1,1,5.5,7.5
56,2,1,7,7.5
56,3,1,6.75,7.5
56,4,1,6.25,7
56,5,1,6,8
56,6,1,6,8
56,7,1,5,8
56,8,1,7.25,5.5
56,9,1,4,8.5
56,10,2,4.75,.380952380952381
56,11,2,6.5,7
56,12,2,3.75,7.5
56,13,2,8,4
56,14,2,4.5,8
56,15,2,5.75,5
56,16,2,5.75,5
56,17,2,7.5,6.5
56,18,2,7.25,8
56,19,2,6.75,8
56,20,1,3.5,.357142857142857
61,1,1,7,6.5
61,2,1,5,5.5
61,3,1,5,3
61,4,1,4.25,4
61,5,1,4.75,8
61,6,1,4.75,8
61,7,1,5,5
61,8,1,3.75,5.5
61,9,1,3.75,5
61,10,2,3.25,.166666666666667
61,11,2,4,5
61,12,2,5.5,8
61,13,2,5.5,7
61,14,2,5,7.5
61,15,2,5.5,5
61,16,2,5.5,5
61,17,2,4,5.5
61,18,2,5.25,5.5
61,19,2,4.75,8
61,20,1,6.25,.238095238095238
85,1,1,7.25,5.5
85,2,1,3,2.5
85,3,1,4.25,1
85,4,1,7,5.5
85,5,1,8,7.5
85,6,1,8,7.5
85,7,1,6.5,3.5
85,8,1,5,2
85,9,1,8.5,4
85,10,2,8.25,.214285714285714
85,11,2,4,1
85,12,2,5.5,3.5
85,13,2,3,2.5
85,14,2,5.5,2.5
85,15,2,1.5,1
85,16,2,1.5,1
85,17,2,2.5,3
85,18,2,7.75,4
85,19,2,4.75,7
85,20,1,6.5,.0476190476190476
98,1,1,5.5,6
98,2,1,5,3
98,3,1,5.25,6.5
98,4,1,7,8.5
98,5,1,7.5,6.5
98,6,1,7.5,6.5
98,7,1,7,6
98,8,1,5,6.5
98,9,1,3.75,6
98,10,2,3,.214285714285714
98,11,2,6.5,8
98,12,2,4.5,2.5
98,13,2,8,8
98,14,2,6.5,7
98,15,2,5.5,4.5
98,16,2,5.5,4.5
98,17,2,8,7.5
98,18,2,4.25,4.5
98,19,2,4,5
98,20,1,5.5,.19047619047619
115,1,1,5.5,7
115,2,1,4.75,6.5
115,3,1,5.5,7
115,4,1,5.5,5.5
115,5,1,6,6
115,6,1,6,6
115,7,1,6,4.5
115,8,1,6.25,7
115,9,1,5.25,6.5
115,10,2,4.5,.404761904761905
115,11,2,5.5,6.5
115,12,2,5.5,6
115,13,2,4,4.5
115,14,2,5,7
115,15,2,3.25,5
115,16,2,3.25,5
115,17,2,6,3.5
115,18,2,4.25,5
115,19,2,4.25,5
115,20,1,4,.261904761904762
121,1,1,6.75,7.5
121,2,1,4.75,1.5
121,3,1,7,4
121,4,1,7,7.5
121,5,1,7.75,7
121,6,1,7.75,7
121,7,1,4,4
121,8,1,5.5,7.5
121,9,1,5,3.5
121,10,2,7.25,.333333333333333
121,11,2,4.75,4.5
121,12,2,3,2
121,13,2,6.5,7
121,14,2,4.25,7
121,15,2,1.75,3
121,16,2,1.75,3
121,17,2,3.5,3
121,18,2,4.75,4
121,19,2,3,6
121,20,1,4.5,.19047619047619
9,1,1,5,7
9,2,1,5,5
9,3,1,5,7.5
9,4,1,4.75,7
9,5,1,4.5,6.5
9,6,1,4.5,6.5
9,7,1,5,7
9,8,1,5,7
9,9,1,5,8
9,10,2,5,.30952380952381
9,11,2,4.5,9
9,12,2,5,6
9,13,2,4.75,6.5
9,14,2,4.5,8.5
9,15,2,5,6.5
9,16,2,5,6.5
9,17,2,4.75,7
9,18,2,4.25,7.5
9,19,2,4.75,8
9,20,1,5,.380952380952381
41,1,1,7.25,9
41,2,1,5,1
41,3,1,6,4.5
41,4,1,6.75,8
41,5,1,5.75,6
41,6,1,5.75,6
41,7,1,3.5,1
41,8,1,4.75,6
41,9,1,4.25,5
41,10,2,3,.142857142857143
41,11,2,4.75,5
41,12,2,3,3
41,13,2,6.25,6.5
41,14,2,6.25,7
41,15,2,4.25,4
41,16,2,4.25,4
41,17,2,4.25,6.5
41,18,2,5,4
41,19,2,4.75,3.5
41,20,1,4.75,.166666666666667
59,1,1,4,9
59,2,1,4.25,9
59,3,1,4,9
59,4,1,4,9
59,5,1,4.25,9
59,6,1,4.25,9
59,7,1,4,9
59,8,1,4,9
59,9,1,4,9
59,10,2,4,.428571428571429
59,11,2,4,9
59,12,2,3.75,9
59,13,2,3.75,9
59,14,2,4,9
59,15,2,4.5,9
59,16,2,4.5,9
59,17,2,3.75,9
59,18,2,3.75,9
59,19,2,3.75,9
59,20,1,4.25,.428571428571429
88,1,1,8,9
88,2,1,7.75,4
88,3,1,6.75,4.5
88,4,1,5.25,7.5
88,5,1,4.5,3.5
88,6,1,4.5,3.5
88,7,1,3.25,1.5
88,8,1,4.25,6.5
88,9,1,6.25,7.5
88,10,2,4.5,.19047619047619
88,11,2,5.75,5.5
88,12,2,5,4
88,13,2,7,6.5
88,14,2,3.75,4
88,15,2,6,3.5
88,16,2,6,3.5
88,17,2,5.75,5
88,18,2,8,8.5
88,19,2,5.25,5.5
88,20, ,7.25,.19047619047619
